FirstName,LastName,BirthDate,BirthPlace,Address,PostalCode,City,DocumentNumber,IssueDate,ExpiryDate,IssuingState,MRZ1,MRZ2,idFile
Theophile,Coussiere,11 02 2000,Le Mesnil-le-Roi,14 Rue des Tilleuls,78600,Le Mesnil-le-Roi,22DK14531,14 02 2020,13 02 2030,Pr√©fecture de Yvelines VERSAILLES,P<FRACOUSSIERE<<THEOPHILE<<<<<<<<<<<<<<<<<<<,22DK145315FRA0011020MaNaNaN5<<<<<<<<<<<<<<04,C:\Users\bendo\Desktop\Documents\Tech\Puppeteer Master\assets\passports\avatars\v3_0241333.jpg
,,,,,,,,,,,P<FRA<<<<<<<<<<<<<<<<<<<<<<<<<<<<<<<<<<<<<<<,<<<<<<<<<0FRAaNaNaN5MaNaNaN5<<<<<<<<<<<<<<00,C:\Users\bendo\Desktop\Documents\Tech\Puppeteer Master\assets\passports\avatars\v3_0032013.jpg
,,,,,,,,,,,P<FRA<<<<<<<<<<<<<<<<<<<<<<<<<<<<<<<<<<<<<<<,<<<<<<<<<0FRAaNaNaN5MaNaNaN5<<<<<<<<<<<<<<00,C:\Users\bendo\Desktop\Documents\Tech\Puppeteer Master\assets\passports\avatars\v3_0040491.jpg
,,,,,,,,,,,P<FRA<<<<<<<<<<<<<<<<<<<<<<<<<<<<<<<<<<<<<<<,<<<<<<<<<0FRAaNaNaN5MaNaNaN5<<<<<<<<<<<<<<00,C:\Users\bendo\Desktop\Documents\Tech\Puppeteer Master\assets\passports\avatars\v3_0051239.jpg
,,,,,,,,,,,P<FRA<<<<<<<<<<<<<<<<<<<<<<<<<<<<<<<<<<<<<<<,<<<<<<<<<0FRAaNaNaN5MaNaNaN5<<<<<<<<<<<<<<00,C:\Users\bendo\Desktop\Documents\Tech\Puppeteer Master\assets\passports\avatars\v3_0059274.jpg
,,,,,,,,,,,P<FRA<<<<<<<<<<<<<<<<<<<<<<<<<<<<<<<<<<<<<<<,<<<<<<<<<0FRAaNaNaN5MaNaNaN5<<<<<<<<<<<<<<00,C:\Users\bendo\Desktop\Documents\Tech\Puppeteer Master\assets\passports\avatars\v3_0094912.jpg
,,,,,,,,,,,P<FRA<<<<<<<<<<<<<<<<<<<<<<<<<<<<<<<<<<<<<<<,<<<<<<<<<0FRAaNaNaN5MaNaNaN5<<<<<<<<<<<<<<00,C:\Users\bendo\Desktop\Documents\Tech\Puppeteer Master\assets\passports\avatars\v3_0110907.jpg
,,,,,,,,,,,P<FRA<<<<<<<<<<<<<<<<<<<<<<<<<<<<<<<<<<<<<<<,<<<<<<<<<0FRAaNaNaN5MaNaNaN5<<<<<<<<<<<<<<00,C:\Users\bendo\Desktop\Documents\Tech\Puppeteer Master\assets\passports\avatars\v3_0209734.jpg
,,,,,,,,,,,P<FRA<<<<<<<<<<<<<<<<<<<<<<<<<<<<<<<<<<<<<<<,<<<<<<<<<0FRAaNaNaN5MaNaNaN5<<<<<<<<<<<<<<00,C:\Users\bendo\Desktop\Documents\Tech\Puppeteer Master\assets\passports\avatars\v3_0225912.jpg
,,,,,,,,,,,P<FRA<<<<<<<<<<<<<<<<<<<<<<<<<<<<<<<<<<<<<<<,<<<<<<<<<0FRAaNaNaN5MaNaNaN5<<<<<<<<<<<<<<00,C:\Users\bendo\Desktop\Documents\Tech\Puppeteer Master\assets\passports\avatars\v3_0232171.jpg
,,,,,,,,,,,P<FRA<<<<<<<<<<<<<<<<<<<<<<<<<<<<<<<<<<<<<<<,<<<<<<<<<0FRAaNaNaN5MaNaNaN5<<<<<<<<<<<<<<00,C:\Users\bendo\Desktop\Documents\Tech\Puppeteer Master\assets\passports\avatars\v3_0430480.jpg
,,,,,,,,,,,P<FRA<<<<<<<<<<<<<<<<<<<<<<<<<<<<<<<<<<<<<<<,<<<<<<<<<0FRAaNaNaN5MaNaNaN5<<<<<<<<<<<<<<00,C:\Users\bendo\Desktop\Documents\Tech\Puppeteer Master\assets\passports\avatars\v3_0261362.jpg
,,,,,,,,,,,P<FRA<<<<<<<<<<<<<<<<<<<<<<<<<<<<<<<<<<<<<<<,<<<<<<<<<0FRAaNaNaN5MaNaNaN5<<<<<<<<<<<<<<00,C:\Users\bendo\Desktop\Documents\Tech\Puppeteer Master\assets\passports\avatars\v3_0278233.jpg
,,,,,,,,,,,P<FRA<<<<<<<<<<<<<<<<<<<<<<<<<<<<<<<<<<<<<<<,<<<<<<<<<0FRAaNaNaN5MaNaNaN5<<<<<<<<<<<<<<00,C:\Users\bendo\Desktop\Documents\Tech\Puppeteer Master\assets\passports\avatars\v3_0282879.jpg
,,,,,,,,,,,P<FRA<<<<<<<<<<<<<<<<<<<<<<<<<<<<<<<<<<<<<<<,<<<<<<<<<0FRAaNaNaN5MaNaNaN5<<<<<<<<<<<<<<00,C:\Users\bendo\Desktop\Documents\Tech\Puppeteer Master\assets\passports\avatars\v3_0285344.jpg
,,,,,,,,,,,P<FRA<<<<<<<<<<<<<<<<<<<<<<<<<<<<<<<<<<<<<<<,<<<<<<<<<0FRAaNaNaN5MaNaNaN5<<<<<<<<<<<<<<00,C:\Users\bendo\Desktop\Documents\Tech\Puppeteer Master\assets\passports\avatars\v3_0328985.jpg
,,,,,,,,,,,P<FRA<<<<<<<<<<<<<<<<<<<<<<<<<<<<<<<<<<<<<<<,<<<<<<<<<0FRAaNaNaN5MaNaNaN5<<<<<<<<<<<<<<00,C:\Users\bendo\Desktop\Documents\Tech\Puppeteer Master\assets\passports\avatars\v3_0334507.jpg
,,,,,,,,,,,P<FRA<<<<<<<<<<<<<<<<<<<<<<<<<<<<<<<<<<<<<<<,<<<<<<<<<0FRAaNaNaN5MaNaNaN5<<<<<<<<<<<<<<00,C:\Users\bendo\Desktop\Documents\Tech\Puppeteer Master\assets\passports\avatars\v3_0395374.jpg
,,,,,,,,,,,P<FRA<<<<<<<<<<<<<<<<<<<<<<<<<<<<<<<<<<<<<<<,<<<<<<<<<0FRAaNaNaN5MaNaNaN5<<<<<<<<<<<<<<00,C:\Users\bendo\Desktop\Documents\Tech\Puppeteer Master\assets\passports\avatars\v3_0409407.jpg
,,,,,,,,,,,P<FRA<<<<<<<<<<<<<<<<<<<<<<<<<<<<<<<<<<<<<<<,<<<<<<<<<0FRAaNaNaN5MaNaNaN5<<<<<<<<<<<<<<00,C:\Users\bendo\Desktop\Documents\Tech\Puppeteer Master\assets\passports\avatars\v3_0410438.jpg
,,,,,,,,,,,P<FRA<<<<<<<<<<<<<<<<<<<<<<<<<<<<<<<<<<<<<<<,<<<<<<<<<0FRAaNaNaN5MaNaNaN5<<<<<<<<<<<<<<00,C:\Users\bendo\Desktop\Documents\Tech\Puppeteer Master\assets\passports\avatars\v3_0545600.jpg
,,,,,,,,,,,P<FRA<<<<<<<<<<<<<<<<<<<<<<<<<<<<<<<<<<<<<<<,<<<<<<<<<0FRAaNaNaN5MaNaNaN5<<<<<<<<<<<<<<00,C:\Users\bendo\Desktop\Documents\Tech\Puppeteer Master\assets\passports\avatars\v3_0559555.jpg
,,,,,,,,,,,P<FRA<<<<<<<<<<<<<<<<<<<<<<<<<<<<<<<<<<<<<<<,<<<<<<<<<0FRAaNaNaN5MaNaNaN5<<<<<<<<<<<<<<00,C:\Users\bendo\Desktop\Documents\Tech\Puppeteer Master\assets\passports\avatars\v3_0461868.jpg
,,,,,,,,,,,P<FRA<<<<<<<<<<<<<<<<<<<<<<<<<<<<<<<<<<<<<<<,<<<<<<<<<0FRAaNaNaN5MaNaNaN5<<<<<<<<<<<<<<00,C:\Users\bendo\Desktop\Documents\Tech\Puppeteer Master\assets\passports\avatars\v3_0464458.jpg
,,,,,,,,,,,P<FRA<<<<<<<<<<<<<<<<<<<<<<<<<<<<<<<<<<<<<<<,<<<<<<<<<0FRAaNaNaN5MaNaNaN5<<<<<<<<<<<<<<00,C:\Users\bendo\Desktop\Documents\Tech\Puppeteer Master\assets\passports\avatars\v3_0474092.jpg
,,,,,,,,,,,P<FRA<<<<<<<<<<<<<<<<<<<<<<<<<<<<<<<<<<<<<<<,<<<<<<<<<0FRAaNaNaN5MaNaNaN5<<<<<<<<<<<<<<00,C:\Users\bendo\Desktop\Documents\Tech\Puppeteer Master\assets\passports\avatars\v3_0482404.jpg
,,,,,,,,,,,P<FRA<<<<<<<<<<<<<<<<<<<<<<<<<<<<<<<<<<<<<<<,<<<<<<<<<0FRAaNaNaN5MaNaNaN5<<<<<<<<<<<<<<00,C:\Users\bendo\Desktop\Documents\Tech\Puppeteer Master\assets\passports\avatars\v3_0488535.jpg
,,,,,,,,,,,P<FRA<<<<<<<<<<<<<<<<<<<<<<<<<<<<<<<<<<<<<<<,<<<<<<<<<0FRAaNaNaN5MaNaNaN5<<<<<<<<<<<<<<00,C:\Users\bendo\Desktop\Documents\Tech\Puppeteer Master\assets\passports\avatars\v3_0495172.jpg
,,,,,,,,,,,P<FRA<<<<<<<<<<<<<<<<<<<<<<<<<<<<<<<<<<<<<<<,<<<<<<<<<0FRAaNaNaN5MaNaNaN5<<<<<<<<<<<<<<00,C:\Users\bendo\Desktop\Documents\Tech\Puppeteer Master\assets\passports\avatars\v3_0511564.jpg
,,,,,,,,,,,P<FRA<<<<<<<<<<<<<<<<<<<<<<<<<<<<<<<<<<<<<<<,<<<<<<<<<0FRAaNaNaN5MaNaNaN5<<<<<<<<<<<<<<00,C:\Users\bendo\Desktop\Documents\Tech\Puppeteer Master\assets\passports\avatars\v3_0538485.jpg
,,,,,,,,,,,P<FRA<<<<<<<<<<<<<<<<<<<<<<<<<<<<<<<<<<<<<<<,<<<<<<<<<0FRAaNaNaN5MaNaNaN5<<<<<<<<<<<<<<00,C:\Users\bendo\Desktop\Documents\Tech\Puppeteer Master\assets\passports\avatars\v3_0564693.jpg
,,,,,,,,,,,P<FRA<<<<<<<<<<<<<<<<<<<<<<<<<<<<<<<<<<<<<<<,<<<<<<<<<0FRAaNaNaN5MaNaNaN5<<<<<<<<<<<<<<00,C:\Users\bendo\Desktop\Documents\Tech\Puppeteer Master\assets\passports\avatars\v3_0653744.jpg
,,,,,,,,,,,P<FRA<<<<<<<<<<<<<<<<<<<<<<<<<<<<<<<<<<<<<<<,<<<<<<<<<0FRAaNaNaN5MaNaNaN5<<<<<<<<<<<<<<00,C:\Users\bendo\Desktop\Documents\Tech\Puppeteer Master\assets\passports\avatars\v3_0699391.jpg
,,,,,,,,,,,P<FRA<<<<<<<<<<<<<<<<<<<<<<<<<<<<<<<<<<<<<<<,<<<<<<<<<0FRAaNaNaN5MaNaNaN5<<<<<<<<<<<<<<00,C:\Users\bendo\Desktop\Documents\Tech\Puppeteer Master\assets\passports\avatars\v3_0736981.jpg
,,,,,,,,,,,P<FRA<<<<<<<<<<<<<<<<<<<<<<<<<<<<<<<<<<<<<<<,<<<<<<<<<0FRAaNaNaN5MaNaNaN5<<<<<<<<<<<<<<00,C:\Users\bendo\Desktop\Documents\Tech\Puppeteer Master\assets\passports\avatars\v3_0744062.jpg
,,,,,,,,,,,P<FRA<<<<<<<<<<<<<<<<<<<<<<<<<<<<<<<<<<<<<<<,<<<<<<<<<0FRAaNaNaN5MaNaNaN5<<<<<<<<<<<<<<00,C:\Users\bendo\Desktop\Documents\Tech\Puppeteer Master\assets\passports\avatars\v3_0754395.jpg
,,,,,,,,,,,P<FRA<<<<<<<<<<<<<<<<<<<<<<<<<<<<<<<<<<<<<<<,<<<<<<<<<0FRAaNaNaN5MaNaNaN5<<<<<<<<<<<<<<00,C:\Users\bendo\Desktop\Documents\Tech\Puppeteer Master\assets\passports\avatars\v3_0771612.jpg
,,,,,,,,,,,P<FRA<<<<<<<<<<<<<<<<<<<<<<<<<<<<<<<<<<<<<<<,<<<<<<<<<0FRAaNaNaN5MaNaNaN5<<<<<<<<<<<<<<00,C:\Users\bendo\Desktop\Documents\Tech\Puppeteer Master\assets\passports\avatars\v3_0775291.jpg
,,,,,,,,,,,P<FRA<<<<<<<<<<<<<<<<<<<<<<<<<<<<<<<<<<<<<<<,<<<<<<<<<0FRAaNaNaN5MaNaNaN5<<<<<<<<<<<<<<00,C:\Users\bendo\Desktop\Documents\Tech\Puppeteer Master\assets\passports\avatars\v3_0783601.jpg
,,,,,,,,,,,P<FRA<<<<<<<<<<<<<<<<<<<<<<<<<<<<<<<<<<<<<<<,<<<<<<<<<0FRAaNaNaN5MaNaNaN5<<<<<<<<<<<<<<00,C:\Users\bendo\Desktop\Documents\Tech\Puppeteer Master\assets\passports\avatars\v3_0561559.jpg
,,,,,,,,,,,P<FRA<<<<<<<<<<<<<<<<<<<<<<<<<<<<<<<<<<<<<<<,<<<<<<<<<0FRAaNaNaN5MaNaNaN5<<<<<<<<<<<<<<00,C:\Users\bendo\Desktop\Documents\Tech\Puppeteer Master\assets\passports\avatars\v3_0991033.jpg
,,,,,,,,,,,P<FRA<<<<<<<<<<<<<<<<<<<<<<<<<<<<<<<<<<<<<<<,<<<<<<<<<0FRAaNaNaN5MaNaNaN5<<<<<<<<<<<<<<00,C:\Users\bendo\Desktop\Documents\Tech\Puppeteer Master\assets\passports\avatars\v3_0804022.jpg
,,,,,,,,,,,P<FRA<<<<<<<<<<<<<<<<<<<<<<<<<<<<<<<<<<<<<<<,<<<<<<<<<0FRAaNaNaN5MaNaNaN5<<<<<<<<<<<<<<00,C:\Users\bendo\Desktop\Documents\Tech\Puppeteer Master\assets\passports\avatars\v3_0820743.jpg
,,,,,,,,,,,P<FRA<<<<<<<<<<<<<<<<<<<<<<<<<<<<<<<<<<<<<<<,<<<<<<<<<0FRAaNaNaN5MaNaNaN5<<<<<<<<<<<<<<00,C:\Users\bendo\Desktop\Documents\Tech\Puppeteer Master\assets\passports\avatars\v3_0826354.jpg
,,,,,,,,,,,P<FRA<<<<<<<<<<<<<<<<<<<<<<<<<<<<<<<<<<<<<<<,<<<<<<<<<0FRAaNaNaN5MaNaNaN5<<<<<<<<<<<<<<00,C:\Users\bendo\Desktop\Documents\Tech\Puppeteer Master\assets\passports\avatars\v3_0869046.jpg
,,,,,,,,,,,P<FRA<<<<<<<<<<<<<<<<<<<<<<<<<<<<<<<<<<<<<<<,<<<<<<<<<0FRAaNaNaN5MaNaNaN5<<<<<<<<<<<<<<00,C:\Users\bendo\Desktop\Documents\Tech\Puppeteer Master\assets\passports\avatars\v3_0884690.jpg
,,,,,,,,,,,P<FRA<<<<<<<<<<<<<<<<<<<<<<<<<<<<<<<<<<<<<<<,<<<<<<<<<0FRAaNaNaN5MaNaNaN5<<<<<<<<<<<<<<00,C:\Users\bendo\Desktop\Documents\Tech\Puppeteer Master\assets\passports\avatars\v3_0925479.jpg
,,,,,,,,,,,P<FRA<<<<<<<<<<<<<<<<<<<<<<<<<<<<<<<<<<<<<<<,<<<<<<<<<0FRAaNaNaN5MaNaNaN5<<<<<<<<<<<<<<00,C:\Users\bendo\Desktop\Documents\Tech\Puppeteer Master\assets\passports\avatars\v3_0929838.jpg
,,,,,,,,,,,P<FRA<<<<<<<<<<<<<<<<<<<<<<<<<<<<<<<<<<<<<<<,<<<<<<<<<0FRAaNaNaN5MaNaNaN5<<<<<<<<<<<<<<00,C:\Users\bendo\Desktop\Documents\Tech\Puppeteer Master\assets\passports\avatars\v3_0985395.jpg
,,,,,,,,,,,P<FRA<<<<<<<<<<<<<<<<<<<<<<<<<<<<<<<<<<<<<<<,<<<<<<<<<0FRAaNaNaN5MaNaNaN5<<<<<<<<<<<<<<00,C:\Users\bendo\Desktop\Documents\Tech\Puppeteer Master\assets\passports\avatars\v3_0987826.jpg