FirstName,LastName,BirthDate,BirthPlace,Address,PostalCode,City,DocumentNumber,IssueDate,ExpiryDate,IssuingState,MRZ1,MRZ2,idFile
Dieudonné,Bellemare,15 07 1972,Annecy,247 avenue du Parmelan,74000,Annecy,XL8429163,03 03 2018,03 03 2028,Préfecture de la Haute-Savoie,P<FRABELLEMARE<<DIEUDONNÉ<<<<<<<<<<<<<<<<<<<,XL84291633FRA7207152M2803032<<<<<<<<<<<<<<02,/Users/ben/Documents/Tech/puppeteer-master/assets/passports/avatars/v3_0209734.jpg
Épiphane,Chanteloup,04 12 1985,Avignon,156 rue des Teinturiers,84000,Avignon,ZN5691724,09 10 2019,09 10 2029,Préfecture de Vaucluse,P<FRACHANTELOUP<<ÉPIPHANE<<<<<<<<<<<<<<<<<<<,ZN56917248FRA8512040M2909107<<<<<<<<<<<<<<02,/Users/ben/Documents/Tech/puppeteer-master/assets/passports/avatars/v3_0241333.jpg
Fiacre,Montclair,28 06 1963,Colmar,89 rue des Marchands,68000,Colmar,FK2857391,06 12 2018,06 12 2028,Préfecture du Haut-Rhin,P<FRAMONTCLAIR<<FIACRE<<<<<<<<<<<<<<<<<<<<<<,FK28573914FRA6306287M2806125<<<<<<<<<<<<<<02,/Users/ben/Documents/Tech/puppeteer-master/assets/passports/avatars/v3_0032013.jpg
Gildas,Vigneronne,11 10 1990,Perpignan,42 quai Sadi Carnot,66000,Perpignan,QW7340582,07 06 2017,07 06 2027,Préfecture des Pyrénées-Orientales,P<FRAVIGNERONNE<<GILDAS<<<<<<<<<<<<<<<<<<<<<,QW73405829FRA9010118M2707060<<<<<<<<<<<<<<04,/Users/ben/Documents/Tech/puppeteer-master/assets/passports/avatars/v3_0040491.jpg
Hector,Grandmoulin,23 04 1979,Clermont-Ferrand,178 avenue de la République,63000,Clermont-Ferrand,MB4618257,04 12 2019,04 12 2029,Préfecture du Puy-de-Dôme,P<FRAGRANDMOULIN<<HECTOR<<<<<<<<<<<<<<<<<<<<,MB46182570FRA7904233M2904124<<<<<<<<<<<<<<00,/Users/ben/Documents/Tech/puppeteer-master/assets/passports/avatars/v3_0051239.jpg
Innocent,Beausoleil,19 09 1967,Nice,134 promenade des Anglais,6000,Nice,GH3741859,12 09 2018,12 09 2028,Préfecture des Alpes-Maritimes,P<FRABEAUSOLEIL<<INNOCENT<<<<<<<<<<<<<<<<<<<,GH37418598FRA6709198M2812092<<<<<<<<<<<<<<06,/Users/ben/Documents/Tech/puppeteer-master/assets/passports/avatars/v3_0059274.jpg
Jocelyn,Bellefleur,05 01 1984,Dijon,67 rue de la Liberté,21000,Dijon,PL9526174,08 12 2018,08 12 2028,Préfecture de la Côte-d'Or,P<FRABELLEFLEUR<<JOCELYN<<<<<<<<<<<<<<<<<<<<,PL95261746FRA8401050M2808129<<<<<<<<<<<<<<02,/Users/ben/Documents/Tech/puppeteer-master/assets/passports/avatars/v3_0094912.jpg
Kilian,Champagne,16 03 1976,Reims,89 place Drouet d'Erlon,51100,Reims,WX5173642,12 06 2017,12 06 2027,Préfecture de la Marne,P<FRACHAMPAGNE<<KILIAN<<<<<<<<<<<<<<<<<<<<<<,WX51736425FRA7603167M2712066<<<<<<<<<<<<<<00,/Users/ben/Documents/Tech/puppeteer-master/assets/passports/avatars/v3_0110907.jpg
Lysandre,Deschamps,31 08 1991,Poitiers,45 rue Carnot,86000,Poitiers,KM7394815,10 11 2018,10 11 2028,Préfecture de la Vienne,P<FRADESCHAMPS<<LYSANDRE<<<<<<<<<<<<<<<<<<<<,KM73948159FRA9108312M2810113<<<<<<<<<<<<<<04,/Users/ben/Documents/Tech/puppeteer-master/assets/passports/avatars/v3_0209734.jpg
Mérovée,Fontaine,22 11 1958,Besançon,123 rue de la République,25000,Besançon,RT2648307,08 01 2019,08 01 2029,Préfecture du Doubs,P<FRAFONTAINE<<MÉROVÉE<<<<<<<<<<<<<<<<<<<<<<,RT26483078FRA5811225M2908018<<<<<<<<<<<<<<02,/Users/ben/Documents/Tech/puppeteer-master/assets/passports/avatars/v3_0225912.jpg
Népomucène,Gentilhomme,08 04 1982,Amiens,78 rue de Noyon,80000,Amiens,BF4817296,12 08 2018,12 08 2028,Préfecture de la Somme,P<FRAGENTILHOMME<<NÉPOMUCÈNE<<<<<<<<<<<<<<<<,BF48172969FRA8204088M2812081<<<<<<<<<<<<<<08,/Users/ben/Documents/Tech/puppeteer-master/assets/passports/avatars/v3_0232171.jpg
Olympe,Hautecour,13 12 1974,Grenoble,156 cours Jean Jaurès,38000,Grenoble,VN8205431,09 06 2018,09 06 2028,Préfecture de l'Isère,P<FRAHAUTECOUR<<OLYMPE<<<<<<<<<<<<<<<<<<<<<<,VN82054311FRA7412132M2809067<<<<<<<<<<<<<<06,/Users/ben/Documents/Tech/puppeteer-master/assets/passports/avatars/v3_0430480.jpg
Polycarpe,Laroche,27 05 1986,Limoges,234 avenue de la Libération,87000,Limoges,QD6973158,08 09 2019,08 09 2029,Préfecture de la Haute-Vienne,P<FRALAROCHE<<POLYCARPE<<<<<<<<<<<<<<<<<<<<<,QD69731584FRA8605272M2908096<<<<<<<<<<<<<<00,/Users/ben/Documents/Tech/puppeteer-master/assets/passports/avatars/v3_0261362.jpg
Rémidès,Montagne,04 07 1969,Chambéry,91 rue de la Croix d'Or,73000,Chambéry,HJ5241867,01 03 2018,01 03 2028,Préfecture de la Savoie,P<FRAMONTAGNE<<RÉMIDÈS<<<<<<<<<<<<<<<<<<<<<<,HJ52418679FRA6907042M2801038<<<<<<<<<<<<<<00,/Users/ben/Documents/Tech/puppeteer-master/assets/passports/avatars/v3_0278233.jpg
Sylvestre,Noiret,18 02 1993,Bourges,67 rue Moyenne,18000,Bourges,LX3694752,02 06 2017,02 06 2027,Préfecture du Cher,P<FRANOIRET<<SYLVESTRE<<<<<<<<<<<<<<<<<<<<<<,LX36947528FRA9302187M2702065<<<<<<<<<<<<<<04,/Users/ben/Documents/Tech/puppeteer-master/assets/passports/avatars/v3_0282879.jpg
Thibaut,Parisot,25 06 1965,Pau,145 boulevard des Pyrénées,64000,Pau,MZ7128394,07 09 2018,07 09 2028,Préfecture des Pyrénées-Atlantiques,P<FRAPARISOT<<THIBAUT<<<<<<<<<<<<<<<<<<<<<<<,MZ71283949FRA6506250M2807096<<<<<<<<<<<<<<08,/Users/ben/Documents/Tech/puppeteer-master/assets/passports/avatars/v3_0285344.jpg
Urbain,Quincampoix,09 11 1988,Rouen,89 rue du Gros Horloge,76000,Rouen,TK4856129,10 06 2019,10 06 2029,Préfecture de Seine-Maritime,P<FRAQUINCAMPOIX<<URBAIN<<<<<<<<<<<<<<<<<<<<,TK48561296FRA8811097M2910068<<<<<<<<<<<<<<08,/Users/ben/Documents/Tech/puppeteer-master/assets/passports/avatars/v3_0328985.jpg
Venceslas,Rousseau,14 01 1977,Orléans,123 rue de Bourgogne,45000,Orléans,FG9372468,11 01 2019,11 01 2029,Préfecture du Loiret,P<FRAROUSSEAU<<VENCESLAS<<<<<<<<<<<<<<<<<<<<,FG93724680FRA7701144M2911010<<<<<<<<<<<<<<04,/Users/ben/Documents/Tech/puppeteer-master/assets/passports/avatars/v3_0334507.jpg
Wilfrid,Taillefer,20 08 1983,Caen,78 rue Saint-Pierre,14000,Caen,NB2157396,03 03 2018,03 03 2028,Préfecture du Calvados,P<FRATAILLEFER<<WILFRID<<<<<<<<<<<<<<<<<<<<<,NB21573969FRA8308207M2803032<<<<<<<<<<<<<<08,/Users/ben/Documents/Tech/puppeteer-master/assets/passports/avatars/v3_0395374.jpg
Xénophile,Vaillant,12 10 1971,Troyes,156 rue Émile Zola,10000,Troyes,RW5840173,03 08 2018,03 08 2028,Préfecture de l'Aube,P<FRAVAILLANT<<XÉNOPHILE<<<<<<<<<<<<<<<<<<<<,RW58401739FRA7110128M2803087<<<<<<<<<<<<<<02,/Users/ben/Documents/Tech/puppeteer-master/assets/passports/avatars/v3_0409407.jpg
Zacharie,Beaumont,07 03 1985,Vannes,234 rue Thiers,56000,Vannes,PQ8463591,07 02 2019,07 02 2029,Préfecture du Morbihan,P<FRABEAUMONT<<ZACHARIE<<<<<<<<<<<<<<<<<<<<<,PQ84635913FRA8503079M2907022<<<<<<<<<<<<<<08,/Users/ben/Documents/Tech/puppeteer-master/assets/passports/avatars/v3_0410438.jpg
Adolphe,Clairmont,29 04 1962,Metz,91 place Saint-Louis,57000,Metz,DH6207854,08 06 2019,08 06 2029,Préfecture de la Moselle,P<FRACLAIRMONT<<ADOLPHE<<<<<<<<<<<<<<<<<<<<<,DH62078544FRA6204291M2908063<<<<<<<<<<<<<<06,/Users/ben/Documents/Tech/puppeteer-master/assets/passports/avatars/v3_0545600.jpg
Alceste,Dufresne,16 09 1989,Angers,67 rue Lenepveu,49000,Angers,VL3951672,11 05 2018,11 05 2028,Préfecture de Maine-et-Loire,P<FRADUFRESNE<<ALCESTE<<<<<<<<<<<<<<<<<<<<<<,VL39516727FRA8909165M2811051<<<<<<<<<<<<<<02,/Users/ben/Documents/Tech/puppeteer-master/assets/passports/avatars/v3_0559555.jpg
Amédée,Escoffier,03 11 1978,Nîmes,145 boulevard Victor Hugo,30000,Nîmes,JM7428139,07 07 2019,07 07 2029,Préfecture du Gard,P<FRAESCOFFIER<<AMÉDÉE<<<<<<<<<<<<<<<<<<<<<<,JM74281393FRA7811034M2907077<<<<<<<<<<<<<<06,/Users/ben/Documents/Tech/puppeteer-master/assets/passports/avatars/v3_0461868.jpg
Balthazar,Foucault,21 05 1966,Le Mans,89 place de la République,72000,Le Mans,TN2573864,07 11 2017,07 11 2027,Préfecture de la Sarthe,P<FRAFOUCAULT<<BALTHAZAR<<<<<<<<<<<<<<<<<<<<,TN25738641FRA6605212M2707118<<<<<<<<<<<<<<08,/Users/ben/Documents/Tech/puppeteer-master/assets/passports/avatars/v3_0464458.jpg
Constantin,Grandcœur,08 12 1992,Montpellier,123 rue de la Loge,34000,Montpellier,BK5816297,10 05 2017,10 05 2027,Préfecture de l'Hérault,P<FRAGRANDCŒUR<<CONSTANTIN<<<<<<<<<<<<<<<<<<,BK58162975FRA9212082M2710051<<<<<<<<<<<<<<04,/Users/ben/Documents/Tech/puppeteer-master/assets/passports/avatars/v3_0474092.jpg
Diogène,Hauterive,15 07 1973,Nancy,78 place Stanislas,54000,Nancy,XC9142758,06 10 2019,06 10 2029,Préfecture de Meurthe-et-Moselle,P<FRAHAUTERIVE<<DIOGÈNE<<<<<<<<<<<<<<<<<<<<<,XC91427589FRA7307155M2906106<<<<<<<<<<<<<<02,/Users/ben/Documents/Tech/puppeteer-master/assets/passports/avatars/v3_0482404.jpg
Évangéliste,Jolicœur,26 01 1987,Tours,156 rue Nationale,37000,Tours,FZ4685321,06 07 2019,06 07 2029,Préfecture d'Indre-et-Loire,P<FRAJOLICŒUR<<ÉVANGÉLISTE<<<<<<<<<<<<<<<<<<,FZ46853213FRA8701266M2906070<<<<<<<<<<<<<<02,/Users/ben/Documents/Tech/puppeteer-master/assets/passports/avatars/v3_0488535.jpg
Fabrice,Lacroix,11 06 1959,Brest,234 rue de Siam,29200,Brest,QR7359146,04 05 2018,04 05 2028,Préfecture du Finistère,P<FRALACROIX<<FABRICE<<<<<<<<<<<<<<<<<<<<<<<,QR73591460FRA5906118M2804051<<<<<<<<<<<<<<02,/Users/ben/Documents/Tech/puppeteer-master/assets/passports/avatars/v3_0495172.jpg
Godefroy,Maupassant,24 08 1981,Rennes,91 rue du Champ Jacquet,35000,Rennes,WJ2817493,10 12 2019,10 12 2029,Préfecture d'Ille-et-Vilaine,P<FRAMAUPASSANT<<GODEFROY<<<<<<<<<<<<<<<<<<<,WJ28174937FRA8108245M2910127<<<<<<<<<<<<<<08,/Users/ben/Documents/Tech/puppeteer-master/assets/passports/avatars/v3_0511564.jpg
Hilaire,Noblet,02 02 1975,Toulouse,67 place du Capitole,31000,Toulouse,DN6024758,03 04 2019,03 04 2029,Préfecture de la Haute-Garonne,P<FRANOBLET<<HILAIRE<<<<<<<<<<<<<<<<<<<<<<<<,DN60247588FRA7502020M2903046<<<<<<<<<<<<<<06,/Users/ben/Documents/Tech/puppeteer-master/assets/passports/avatars/v3_0538485.jpg
Ignace,Picardie,17 04 1990,Mulhouse,145 rue du Sauvage,68100,Mulhouse,HL9531642,03 01 2018,03 01 2028,Préfecture du Haut-Rhin,P<FRAPICARDIE<<IGNACE<<<<<<<<<<<<<<<<<<<<<<<,HL95316422FRA9004171M2803010<<<<<<<<<<<<<<02,/Users/ben/Documents/Tech/puppeteer-master/assets/passports/avatars/v3_0564693.jpg
Joachim,Quintal,05 10 1964,Ajaccio,89 cours Napoléon,20000,Ajaccio,CL3748295,09 08 2019,09 08 2029,Préfecture de Corse-du-Sud,P<FRAQUINTAL<<JOACHIM<<<<<<<<<<<<<<<<<<<<<<<,CL37482955FRA6410050M2909082<<<<<<<<<<<<<<04,/Users/ben/Documents/Tech/puppeteer-master/assets/passports/avatars/v3_0653744.jpg
Léopold,Rivière,22 12 1986,Nantes,123 rue Crébillon,44000,Nantes,VM8162574,06 02 2019,06 02 2029,Préfecture de Loire-Atlantique,P<FRARIVIÈRE<<LÉOPOLD<<<<<<<<<<<<<<<<<<<<<<<,VM81625748FRA8612227M2906025<<<<<<<<<<<<<<06,/Users/ben/Documents/Tech/puppeteer-master/assets/passports/avatars/v3_0699391.jpg
Marius,Soleilhac,09 09 1972,Strasbourg,78 rue des Grandes Arcades,67000,Strasbourg,BX5927316,08 01 2019,08 01 2029,Préfecture du Bas-Rhin,P<FRASOLEILHAC<<MARIUS<<<<<<<<<<<<<<<<<<<<<<,BX59273167FRA7209097M2908018<<<<<<<<<<<<<<04,/Users/ben/Documents/Tech/puppeteer-master/assets/passports/avatars/v3_0736981.jpg
Narcisse,Tournesol,18 03 1988,Marseille,156 rue Paradis,13006,Marseille,JQ4153768,05 02 2019,05 02 2029,Préfecture des Bouches-du-Rhône,P<FRATOURNESOL<<NARCISSE<<<<<<<<<<<<<<<<<<<<,JQ41537685FRA8803182M2905028<<<<<<<<<<<<<<08,/Users/ben/Documents/Tech/puppeteer-master/assets/passports/avatars/v3_0744062.jpg
Octavien,Valéry,14 11 1961,Lille,234 rue de Béthune,59000,Lille,PF7894521,09 09 2017,09 09 2027,Préfecture du Nord,P<FRAVALÉRY<<OCTAVIEN<<<<<<<<<<<<<<<<<<<<<<<,PF78945216FRA6111140M2709097<<<<<<<<<<<<<<00,/Users/ben/Documents/Tech/puppeteer-master/assets/passports/avatars/v3_0754395.jpg
Patrice,Wilder,01 07 1983,Lyon,91 rue de la République,69002,Lyon,NR2637849,04 01 2017,04 01 2027,Préfecture du Rhône,P<FRAWILDER<<PATRICE<<<<<<<<<<<<<<<<<<<<<<<<,NR26378499FRA8307015M2704014<<<<<<<<<<<<<<04,/Users/ben/Documents/Tech/puppeteer-master/assets/passports/avatars/v3_0771612.jpg
Quiriace,Boisvert,25 05 1979,Bordeaux,67 cours de l'Intendance,33000,Bordeaux,KT6425173,09 05 2018,09 05 2028,Préfecture de la Gironde,P<FRABOISVERT<<QUIRIACE<<<<<<<<<<<<<<<<<<<<<,KT64251733FRA7905252M2809056<<<<<<<<<<<<<<00,/Users/ben/Documents/Tech/puppeteer-master/assets/passports/avatars/v3_0775291.jpg
Rogatien,Chantreau,12 08 1967,Clermont-Ferrand,145 avenue de la République,63000,Clermont-Ferrand,WH3851694,04 05 2019,04 05 2029,Préfecture du Puy-de-Dôme,P<FRACHANTREAU<<ROGATIEN<<<<<<<<<<<<<<<<<<<<,WH38516943FRA6708124M2904054<<<<<<<<<<<<<<08,/Users/ben/Documents/Tech/puppeteer-master/assets/passports/avatars/v3_0783601.jpg
Siméon,Delacroix,28 01 1994,Saint-Étienne,89 rue de la République,42000,Saint-Étienne,FL9273516,11 11 2019,11 11 2029,Préfecture de la Loire,P<FRADELACROIX<<SIMÉON<<<<<<<<<<<<<<<<<<<<<<,FL92735169FRA9401286M2911113<<<<<<<<<<<<<<04,/Users/ben/Documents/Tech/puppeteer-master/assets/passports/avatars/v3_0561559.jpg
Théophile,Épinay,15 04 1976,Dijon,123 rue des Forges,21000,Dijon,BM5746928,11 09 2018,11 09 2028,Préfecture de la Côte-d'Or,P<FRAÉPINAY<<THÉOPHILE<<<<<<<<<<<<<<<<<<<<<<,BM57469282FRA7604153M2811095<<<<<<<<<<<<<<04,/Users/ben/Documents/Tech/puppeteer-master/assets/passports/avatars/v3_0991033.jpg
Ulysse,Flamboyant,06 06 1982,Béziers,78 allées Paul Riquet,34500,Béziers,VQ8195347,07 10 2017,07 10 2027,Préfecture de l'Hérault,P<FRAFLAMBOYANT<<ULYSSE<<<<<<<<<<<<<<<<<<<<<,VQ81953472FRA8206060M2707107<<<<<<<<<<<<<<04,/Users/ben/Documents/Tech/puppeteer-master/assets/passports/avatars/v3_0804022.jpg
Valentin,Grandchamp,21 09 1970,Bayonne,156 rue Pannecau,64100,Bayonne,DL4638257,05 12 2019,05 12 2029,Préfecture des Pyrénées-Atlantiques,P<FRAGRANDCHAMP<<VALENTIN<<<<<<<<<<<<<<<<<<<,DL46382573FRA7009219M2905121<<<<<<<<<<<<<<02,/Users/ben/Documents/Tech/puppeteer-master/assets/passports/avatars/v3_0820743.jpg
Wladimir,Hautbois,08 02 1985,Cannes,234 rue d'Antibes,6400,Cannes,HX7152964,01 04 2018,01 04 2028,Préfecture des Alpes-Maritimes,P<FRAHAUTBOIS<<WLADIMIR<<<<<<<<<<<<<<<<<<<<<,HX71529644FRA8502083M2801049<<<<<<<<<<<<<<02,/Users/ben/Documents/Tech/puppeteer-master/assets/passports/avatars/v3_0826354.jpg
Yann,Jasmin,16 12 1968,Avignon,91 rue Joseph Vernet,84000,Avignon,CW2684153,12 07 2019,12 07 2029,Préfecture de Vaucluse,P<FRAJASMIN<<YANN<<<<<<<<<<<<<<<<<<<<<<<<<<<,CW26841537FRA6812160M2912073<<<<<<<<<<<<<<02,/Users/ben/Documents/Tech/puppeteer-master/assets/passports/avatars/v3_0869046.jpg
Zénon,Lafleur,04 03 1991,Lorient,67 rue du Port,56100,Lorient,MJ5927416,03 11 2017,03 11 2027,Préfecture du Morbihan,P<FRALAFLEUR<<ZÉNON<<<<<<<<<<<<<<<<<<<<<<<<<,MJ59274169FRA9103041M2703110<<<<<<<<<<<<<<04,/Users/ben/Documents/Tech/puppeteer-master/assets/passports/avatars/v3_0884690.jpg
Gaspard,Montcalm,19 07 1977,Périgueux,145 cours Tourny,24000,Périgueux,RB8463729,08 08 2018,08 08 2028,Préfecture de la Dordogne,P<FRAMONTCALM<<GASPARD<<<<<<<<<<<<<<<<<<<<<<,RB84637293FRA7707191M2808082<<<<<<<<<<<<<<02,/Users/ben/Documents/Tech/puppeteer-master/assets/passports/avatars/v3_0925479.jpg
Apollinaire,Noblecourt,11 10 1963,Quimper,89 rue Kéréon,29000,Quimper,TZ3517864,02 01 2019,02 01 2029,Préfecture du Finistère,P<FRANOBLECOURT<<APOLLINAIRE<<<<<<<<<<<<<<<<,TZ35178644FRA6310116M2902016<<<<<<<<<<<<<<02,/Users/ben/Documents/Tech/puppeteer-master/assets/passports/avatars/v3_0929838.jpg
Thibault,Olivier,27 05 1989,Angoulême,123 rue de Périgueux,16000,Angoulême,GL6294158,09 03 2018,09 03 2028,Préfecture de la Charente,P<FRAOLIVIER<<THIBAULT<<<<<<<<<<<<<<<<<<<<<<,GL62941586FRA8905271M2809034<<<<<<<<<<<<<<00,/Users/ben/Documents/Tech/puppeteer-master/assets/passports/avatars/v3_0985395.jpg
Romain,Prévost,13 01 1974,La Rochelle,78 rue du Palais,17000,La Rochelle,NK4785239,05 06 2017,05 06 2027,Préfecture de la Charente-Maritime,P<FRAPRÉVOST<<ROMAIN<<<<<<<<<<<<<<<<<<<<<<<<,NK47852395FRA7401134M2705066<<<<<<<<<<<<<<02,/Users/ben/Documents/Tech/puppeteer-master/assets/passports/avatars/v3_0987826.jpg
Céleste,Quintefeuille,30 08 1986,Châteauroux,156 rue Grande,36000,Châteauroux,BF7351624,11 02 2019,11 02 2029,Préfecture de l'Indre,P<FRAQUINTEFEUILLE<<CÉLESTE<<<<<<<<<<<<<<<<<,BF73516248FRA8608309M2911021<<<<<<<<<<<<<<04,/Users/ben/Documents/Tech/puppeteer-master/assets/passports/avatars/v3_0241333.jpg
Anatole,Rochefort,06 11 1959,Albi,234 rue Timbal,81000,Albi,VP2946857,07 05 2018,07 05 2028,Préfecture du Tarn,P<FRAROCHEFORT<<ANATOLE<<<<<<<<<<<<<<<<<<<<<,VP29468573FRA5911066M2807052<<<<<<<<<<<<<<00,/Users/ben/Documents/Tech/puppeteer-master/assets/passports/avatars/v3_0032013.jpg
Octave,Saintclair,23 04 1981,Cahors,91 boulevard Gambetta,46000,Cahors,DQ8172543,10 09 2019,10 09 2029,Préfecture du Lot,P<FRASAINTCLAIR<<OCTAVE<<<<<<<<<<<<<<<<<<<<<,DQ81725437FRA8104236M2910091<<<<<<<<<<<<<<00,/Users/ben/Documents/Tech/puppeteer-master/assets/passports/avatars/v3_0040491.jpg
Théodore,Tourangeau,09 09 1972,Blois,67 rue Denis Papin,41000,Blois,HW5639217,04 12 2017,04 12 2027,Préfecture de Loir-et-Cher,P<FRATOURANGEAU<<THÉODORE<<<<<<<<<<<<<<<<<<<,HW56392174FRA7209097M2704128<<<<<<<<<<<<<<02,/Users/ben/Documents/Tech/puppeteer-master/assets/passports/avatars/v3_0051239.jpg
Barthélémy,Vaudreuil,18 06 1995,Nevers,145 rue de la Préfecture,58000,Nevers,LJ3852694,06 04 2018,06 04 2028,Préfecture de la Nièvre,P<FRAVAUDREUIL<<BARTHÉLÉMY<<<<<<<<<<<<<<<<<<,LJ38526943FRA9506181M2806044<<<<<<<<<<<<<<04,/Users/ben/Documents/Tech/puppeteer-master/assets/passports/avatars/v3_0059274.jpg
Donatien,Beauregard,02 12 1966,Mâcon,89 rue Carnot,71000,Mâcon,CX7416258,01 08 2019,01 08 2029,Préfecture de Saône-et-Loire,P<FRABEAUREGARD<<DONATIEN<<<<<<<<<<<<<<<<<<<,CX74162584FRA6612027M2901086<<<<<<<<<<<<<<00,/Users/ben/Documents/Tech/puppeteer-master/assets/passports/avatars/v3_0094912.jpg
Léandre,Delorme,17 08 1984,Montauban,123 place Nationale,82000,Montauban,RN2574139,08 10 2017,08 10 2027,Préfecture de Tarn-et-Garonne,P<FRADELORME<<LÉANDRE<<<<<<<<<<<<<<<<<<<<<<<,RN25741395FRA8408174M2708104<<<<<<<<<<<<<<04,/Users/ben/Documents/Tech/puppeteer-master/assets/passports/avatars/v3_0110907.jpg
Valentin,Escudier,05 05 1978,Agen,78 rue Garonne,47000,Agen,VB6938571,12 01 2018,12 01 2028,Préfecture de Lot-et-Garonne,P<FRAESCUDIER<<VALENTIN<<<<<<<<<<<<<<<<<<<<<,VB69385713FRA7805053M2812014<<<<<<<<<<<<<<02,/Users/ben/Documents/Tech/puppeteer-master/assets/passports/avatars/v3_0209734.jpg
Cyprien,Flammarion,22 11 1962,Rodez,156 place de la Cité,12000,Rodez,FK4152786,03 07 2019,03 07 2029,Préfecture de l'Aveyron,P<FRAFLAMMARION<<CYPRIEN<<<<<<<<<<<<<<<<<<<<,FK41527862FRA6211224M2903079<<<<<<<<<<<<<<02,/Users/ben/Documents/Tech/puppeteer-master/assets/passports/avatars/v3_0225912.jpg
Aristide,Grandidier,14 02 1990,Aurillac,234 rue des Carmes,15000,Aurillac,QM8764329,09 11 2017,09 11 2027,Préfecture du Cantal,P<FRAGRANDIDIER<<ARISTIDE<<<<<<<<<<<<<<<<<<<,QM87643293FRA9002144M2709112<<<<<<<<<<<<<<00,/Users/ben/Documents/Tech/puppeteer-master/assets/passports/avatars/v3_0232171.jpg
Prosper,Hautefeuille,07 07 1975,Tulle,91 quai Gabriel Péri,19000,Tulle,JZ5397164,05 03 2018,05 03 2028,Préfecture de la Corrèze,P<FRAHAUTEFEUILLE<<PROSPER<<<<<<<<<<<<<<<<<<,JZ53971647FRA7507070M2805036<<<<<<<<<<<<<<00,/Users/ben/Documents/Tech/puppeteer-master/assets/passports/avatars/v3_0430480.jpg
Augustin,Joyeux,28 01 1987,Guéret,67 avenue de la Sénatorerie,23000,Guéret,NP2851437,02 05 2019,02 05 2029,Préfecture de la Creuse,P<FRAJOYEUX<<AUGUSTIN<<<<<<<<<<<<<<<<<<<<<<<,NP28514374FRA8701288M2902050<<<<<<<<<<<<<<00,/Users/ben/Documents/Tech/puppeteer-master/assets/passports/avatars/v3_0261362.jpg
Armand,Lacombe,15 09 1969,Limoges,145 rue du Consulat,87000,Limoges,BL7493825,11 08 2017,11 08 2027,Préfecture de la Haute-Vienne,P<FRALACOMBE<<ARMAND<<<<<<<<<<<<<<<<<<<<<<<<,BL74938252FRA6909150M2711081<<<<<<<<<<<<<<06,/Users/ben/Documents/Tech/puppeteer-master/assets/passports/avatars/v3_0278233.jpg
Philémon,Malherbe,03 03 1992,Épinal,89 rue Léopold Bourg,88000,Épinal,WD3567192,07 12 2018,07 12 2028,Préfecture des Vosges,P<FRAMALHERBE<<PHILÉMON<<<<<<<<<<<<<<<<<<<<<,WD35671922FRA9203033M2807122<<<<<<<<<<<<<<04,/Users/ben/Documents/Tech/puppeteer-master/assets/passports/avatars/v3_0282879.jpg
Séraphin,Nocturne,20 10 1958,Charleville-Mézières,123 place Ducale,8000,Charleville-Mézières,HK6249758,04 02 2019,04 02 2029,Préfecture des Ardennes,P<FRANOCTURNE<<SÉRAPHIN<<<<<<<<<<<<<<<<<<<<<,HK62497582FRA5810206M2904021<<<<<<<<<<<<<<02,/Users/ben/Documents/Tech/puppeteer-master/assets/passports/avatars/v3_0285344.jpg
Timothée,Paradis,12 04 1983,Châlons-en-Champagne,78 rue de Marne,51000,Châlons-en-Champagne,LF8935164,10 06 2018,10 06 2028,Préfecture de la Marne,P<FRAPARADIS<<TIMOTHÉE<<<<<<<<<<<<<<<<<<<<<<,LF89351646FRA8304128M2810065<<<<<<<<<<<<<<00,/Users/ben/Documents/Tech/puppeteer-master/assets/passports/avatars/v3_0328985.jpg
Archibald,Quintessence,29 07 1971,Bar-le-Duc,156 rue de la Révolution,55000,Bar-le-Duc,PT4672893,06 09 2017,06 09 2027,Préfecture de la Meuse,P<FRAQUINTESSENCE<<ARCHIBALD<<<<<<<<<<<<<<<<,PT46728937FRA7107296M2706096<<<<<<<<<<<<<<02,/Users/ben/Documents/Tech/puppeteer-master/assets/passports/avatars/v3_0334507.jpg
Bénédict,Belmont,16 11 1986,Vesoul,234 rue Paul Morel,70000,Vesoul,CJ7318546,01 01 2018,01 01 2028,Préfecture de la Haute-Saône,P<FRABELMONT<<BÉNÉDICT<<<<<<<<<<<<<<<<<<<<<<,CJ73185463FRA8611161M2801016<<<<<<<<<<<<<<08,/Users/ben/Documents/Tech/puppeteer-master/assets/passports/avatars/v3_0395374.jpg
Casimir,Doucet,04 08 1964,Lons-le-Saunier,91 rue Commerce,39000,Lons-le-Saunier,VX2954817,08 04 2019,08 04 2029,Préfecture du Jura,P<FRADOUCET<<CASIMIR<<<<<<<<<<<<<<<<<<<<<<<<,VX29548176FRA6408044M2908041<<<<<<<<<<<<<<00,/Users/ben/Documents/Tech/puppeteer-master/assets/passports/avatars/v3_0409407.jpg
Dagobert,Fontainebleau,21 06 1988,Belfort,67 rue de la République,90000,Belfort,BQ6187352,12 10 2017,12 10 2027,Préfecture du Territoire de Belfort,P<FRAFONTAINEBLEAU<<DAGOBERT<<<<<<<<<<<<<<<<,BQ61873527FRA8806219M2712103<<<<<<<<<<<<<<08,/Users/ben/Documents/Tech/puppeteer-master/assets/passports/avatars/v3_0410438.jpg
Enguerrand,Girard,09 01 1976,Digne-les-Bains,145 boulevard Gassendi,4000,Digne-les-Bains,NM3741695,03 05 2018,03 05 2028,Préfecture des Alpes-de-Haute-Provence,P<FRAGIRARD<<ENGUERRAND<<<<<<<<<<<<<<<<<<<<<,NM37416956FRA7601093M2803054<<<<<<<<<<<<<<00,/Users/ben/Documents/Tech/puppeteer-master/assets/passports/avatars/v3_0545600.jpg
Fortuné,Hautmont,26 09 1980,Gap,89 rue Carnot,5000,Gap,RK8526174,09 07 2019,09 07 2029,Préfecture des Hautes-Alpes,P<FRAHAUTMONT<<FORTUNÉ<<<<<<<<<<<<<<<<<<<<<<,RK85261746FRA8009261M2909071<<<<<<<<<<<<<<02,/Users/ben/Documents/Tech/puppeteer-master/assets/passports/avatars/v3_0559555.jpg
Gontran,Laviolette,13 12 1967,Privas,123 rue Sadi Carnot,7000,Privas,DL4859237,05 11 2017,05 11 2027,Préfecture de l'Ardèche,P<FRALAVIOLETTE<<GONTRAN<<<<<<<<<<<<<<<<<<<<,DL48592378FRA6712134M2705114<<<<<<<<<<<<<<06,/Users/ben/Documents/Tech/puppeteer-master/assets/passports/avatars/v3_0461868.jpg
Hippolyte,Montblanc,01 05 1993,Valence,78 avenue Gambetta,26000,Valence,HW7293651,02 03 2018,02 03 2028,Préfecture de la Drôme,P<FRAMONTBLANC<<HIPPOLYTE<<<<<<<<<<<<<<<<<<<,HW72936514FRA9305018M2802035<<<<<<<<<<<<<<02,/Users/ben/Documents/Tech/puppeteer-master/assets/passports/avatars/v3_0464458.jpg
Isidore,Norbert,18 02 1979,Foix,156 allées de Villote,9000,Foix,LX5417382,11 06 2019,11 06 2029,Préfecture de l'Ariège,P<FRANORBERT<<ISIDORE<<<<<<<<<<<<<<<<<<<<<<<,LX54173826FRA7902181M2911065<<<<<<<<<<<<<<06,/Users/ben/Documents/Tech/puppeteer-master/assets/passports/avatars/v3_0474092.jpg
Léonard,Picard,06 07 1961,Carcassonne,234 rue de Verdun,11000,Carcassonne,PB2683954,07 08 2017,07 08 2027,Préfecture de l'Aude,P<FRAPICARD<<LÉONARD<<<<<<<<<<<<<<<<<<<<<<<<,PB26839541FRA6107060M2707082<<<<<<<<<<<<<<04,/Users/ben/Documents/Tech/puppeteer-master/assets/passports/avatars/v3_0482404.jpg
Maximilien,Rocamadour,24 11 1985,Tarbes,91 rue Massey,65000,Tarbes,VN6152847,04 04 2018,04 04 2028,Préfecture des Hautes-Pyrénées,P<FRAROCAMADOUR<<MAXIMILIEN<<<<<<<<<<<<<<<<<,VN61528471FRA8511249M2804040<<<<<<<<<<<<<<08,/Users/ben/Documents/Tech/puppeteer-master/assets/passports/avatars/v3_0488535.jpg
Nazaire,Sablé,12 03 1973,Auch,67 place de la Libération,32000,Auch,CZ8479236,10 01 2019,10 01 2029,Préfecture du Gers,P<FRASABLÉ<<NAZAIRE<<<<<<<<<<<<<<<<<<<<<<<<<,CZ84792364FRA7303124M2910013<<<<<<<<<<<<<<06,/Users/ben/Documents/Tech/puppeteer-master/assets/passports/avatars/v3_0495172.jpg
Onésime,Tournebride,30 08 1990,Mont-de-Marsan,145 rue Victor Hugo,40000,Mont-de-Marsan,FK3715928,06 12 2017,06 12 2027,Préfecture des Landes,P<FRATOURNEBRIDE<<ONÉSIME<<<<<<<<<<<<<<<<<<<,FK37159282FRA9008308M2706122<<<<<<<<<<<<<<06,/Users/ben/Documents/Tech/puppeteer-master/assets/passports/avatars/v3_0511564.jpg
Pacôme,Vincennes,17 04 1968,Dax,89 rue Neuve,40100,Dax,QM7264153,01 09 2018,01 09 2028,Préfecture des Landes,P<FRAVINCENNES<<PACÔME<<<<<<<<<<<<<<<<<<<<<<,QM72641536FRA6804174M2801094<<<<<<<<<<<<<<08,/Users/ben/Documents/Tech/puppeteer-master/assets/passports/avatars/v3_0538485.jpg
Quentin,Bellerose,05 10 1982,Bastia,123 boulevard Paoli,20200,Bastia,RH4851697,08 02 2019,08 02 2029,Préfecture de Haute-Corse,P<FRABELLEROSE<<QUENTIN<<<<<<<<<<<<<<<<<<<<<,RH48516972FRA8210058M2908029<<<<<<<<<<<<<<06,/Users/ben/Documents/Tech/puppeteer-master/assets/passports/avatars/v3_0564693.jpg
Réginald,Champfleury,22 01 1974,Ajaccio,78 cours Grandval,20000,Ajaccio,TL8936254,12 11 2017,12 11 2027,Préfecture de Corse-du-Sud,P<FRACHAMPFLEURY<<RÉGINALD<<<<<<<<<<<<<<<<<<,TL89362545FRA7401226M2712114<<<<<<<<<<<<<<02,/Users/ben/Documents/Tech/puppeteer-master/assets/passports/avatars/v3_0653744.jpg
Saturnin,Dumont,14 07 1989,Mamoudzou,156 rue de l'Hôpital,97600,Mamoudzou,BW2574831,03 06 2018,03 06 2028,Préfecture de Mayotte,P<FRADUMONT<<SATURNIN<<<<<<<<<<<<<<<<<<<<<<<,BW25748311FRA8907149M2803065<<<<<<<<<<<<<<02,/Users/ben/Documents/Tech/puppeteer-master/assets/passports/avatars/v3_0699391.jpg
Tancrede,Frontenac,01 11 1965,Saint-Denis,234 rue de Paris,97400,Saint-Denis,VK6318795,09 08 2019,09 08 2029,Préfecture de La Réunion,P<FRAFRONTENAC<<TANCREDE<<<<<<<<<<<<<<<<<<<<,VK63187956FRA6511016M2909082<<<<<<<<<<<<<<06,/Users/ben/Documents/Tech/puppeteer-master/assets/passports/avatars/v3_0736981.jpg
Ulric,Lagrange,19 05 1987,Cayenne,91 avenue du Général de Gaulle,97300,Cayenne,DQ4752169,05 10 2017,05 10 2027,Préfecture de Guyane,P<FRALAGRANGE<<ULRIC<<<<<<<<<<<<<<<<<<<<<<<<,DQ47521693FRA8705194M2705103<<<<<<<<<<<<<<02,/Users/ben/Documents/Tech/puppeteer-master/assets/passports/avatars/v3_0744062.jpg
Valère,Montmorency,08 08 1971,Fort-de-France,67 rue de la République,97200,Fort-de-France,HN8195374,02 02 2018,02 02 2028,Préfecture de Martinique,P<FRAMONTMORENCY<<VALÈRE<<<<<<<<<<<<<<<<<<<<,HN81953741FRA7108086M2802024<<<<<<<<<<<<<<08,/Users/ben/Documents/Tech/puppeteer-master/assets/passports/avatars/v3_0754395.jpg
Wenceslas,Nouméa,25 12 1983,Basse-Terre,145 rue Baudot,97100,Basse-Terre,LB3629857,11 04 2019,11 04 2029,Préfecture de Guadeloupe,P<FRANOUMÉA<<WENCESLAS<<<<<<<<<<<<<<<<<<<<<<,LB36298578FRA8312251M2911043<<<<<<<<<<<<<<08,/Users/ben/Documents/Tech/puppeteer-master/assets/passports/avatars/v3_0771612.jpg
Xénophon,Outre-Mer,10 06 1977,Mata-Utu,89 rue Siaosi Tonga,98600,Mata-Utu,PF7461238,07 07 2017,07 07 2027,Préfecture de Wallis-et-Futuna,P<FRAOUTRE-MER<<XÉNOPHON<<<<<<<<<<<<<<<<<<<<,PF74612385FRA7706105M2707071<<<<<<<<<<<<<<02,/Users/ben/Documents/Tech/puppeteer-master/assets/passports/avatars/v3_0775291.jpg
Yves,Pacifique,27 03 1960,Papeete,123 boulevard Pomare,98714,Papeete,CM2847596,04 09 2018,04 09 2028,Préfecture de Polynésie française,P<FRAPACIFIQUE<<YVES<<<<<<<<<<<<<<<<<<<<<<<<,CM28475965FRA6003276M2804095<<<<<<<<<<<<<<00,/Users/ben/Documents/Tech/puppeteer-master/assets/passports/avatars/v3_0783601.jpg
Zéphyrin,Quesnay,15 09 1984,Nouméa,78 rue de l'Alma,98800,Nouméa,RJ5392714,10 03 2019,10 03 2029,Préfecture de Nouvelle-Calédonie,P<FRAQUESNAY<<ZÉPHYRIN<<<<<<<<<<<<<<<<<<<<<<,RJ53927147FRA8409159M2910035<<<<<<<<<<<<<<06,/Users/ben/Documents/Tech/puppeteer-master/assets/passports/avatars/v3_0561559.jpg
Adhémar,Rainier,02 02 1972,Marigot,156 rue de la République,97150,Marigot,VW8746152,06 05 2017,06 05 2027,Préfecture de Saint-Martin,P<FRARAINIER<<ADHÉMAR<<<<<<<<<<<<<<<<<<<<<<<,VW87461522FRA7202021M2706052<<<<<<<<<<<<<<06,/Users/ben/Documents/Tech/puppeteer-master/assets/passports/avatars/v3_0991033.jpg
Bélisaire,Solitude,18 10 1988,Gustavia,234 rue du Roi Oscar II,97133,Gustavia,BK4635829,01 12 2018,01 12 2028,Préfecture de Saint-Barthélemy,P<FRASOLITUDE<<BÉLISAIRE<<<<<<<<<<<<<<<<<<<<,BK46358298FRA8810182M2801120<<<<<<<<<<<<<<08,/Users/ben/Documents/Tech/puppeteer-master/assets/passports/avatars/v3_0804022.jpg
Clovis,Tropique,05 05 1966,Saint-Pierre,91 rue Victor Hugo,97500,Saint-Pierre,TN7298461,08 01 2019,08 01 2029,Préfecture de Saint-Pierre-et-Miquelon,P<FRATROPIQUE<<CLOVIS<<<<<<<<<<<<<<<<<<<<<<<,TN72984615FRA6605050M2908018<<<<<<<<<<<<<<08,/Users/ben/Documents/Tech/puppeteer-master/assets/passports/avatars/v3_0820743.jpg